geo3,geo2,geo1,geo0
AL011,AL01,AL0,AL
AL012,AL01,AL0,AL
AL013,AL01,AL0,AL
AL014,AL01,AL0,AL
AL015,AL01,AL0,AL
AL021,AL02,AL0,AL
AL022,AL02,AL0,AL
AL031,AL03,AL0,AL
AL032,AL03,AL0,AL
AL033,AL03,AL0,AL
AL034,AL03,AL0,AL
AL035,AL03,AL0,AL
AT111,AT11,AT1,AT
AT112,AT11,AT1,AT
AT113,AT11,AT1,AT
AT121,AT12,AT1,AT
AT122,AT12,AT1,AT
AT123,AT12,AT1,AT
AT124,AT12,AT1,AT
AT125,AT12,AT1,AT
AT126,AT12,AT1,AT
AT127,AT12,AT1,AT
AT130,AT13,AT1,AT
AT211,AT21,AT2,AT
AT212,AT21,AT2,AT
AT213,AT21,AT2,AT
AT221,AT22,AT2,AT
AT222,AT22,AT2,AT
AT223,AT22,AT2,AT
AT224,AT22,AT2,AT
AT225,AT22,AT2,AT
AT226,AT22,AT2,AT
AT311,AT31,AT3,AT
AT312,AT31,AT3,AT
AT313,AT31,AT3,AT
AT314,AT31,AT3,AT
AT315,AT31,AT3,AT
AT321,AT32,AT3,AT
AT322,AT32,AT3,AT
AT323,AT32,AT3,AT
AT331,AT33,AT3,AT
AT332,AT33,AT3,AT
AT333,AT33,AT3,AT
AT334,AT33,AT3,AT
AT335,AT33,AT3,AT
AT341,AT34,AT3,AT
AT342,AT34,AT3,AT
BE100,BE10,BE1,BE
BE211,BE21,BE2,BE
BE212,BE21,BE2,BE
BE213,BE21,BE2,BE
BE221,BE22,BE2,BE
BE222,BE22,BE2,BE
BE223,BE22,BE2,BE
BE231,BE23,BE2,BE
BE232,BE23,BE2,BE
BE233,BE23,BE2,BE
BE234,BE23,BE2,BE
BE235,BE23,BE2,BE
BE236,BE23,BE2,BE
BE241,BE24,BE2,BE
BE242,BE24,BE2,BE
BE251,BE25,BE2,BE
BE252,BE25,BE2,BE
BE253,BE25,BE2,BE
BE254,BE25,BE2,BE
BE255,BE25,BE2,BE
BE256,BE25,BE2,BE
BE257,BE25,BE2,BE
BE258,BE25,BE2,BE
BE310,BE31,BE3,BE
BE321,BE32,BE3,BE
BE322,BE32,BE3,BE
BE323,BE32,BE3,BE
BE324,BE32,BE3,BE
BE325,BE32,BE3,BE
BE326,BE32,BE3,BE
BE327,BE32,BE3,BE
BE331,BE33,BE3,BE
BE332,BE33,BE3,BE
BE334,BE33,BE3,BE
BE335,BE33,BE3,BE
BE336,BE33,BE3,BE
BE341,BE34,BE3,BE
BE342,BE34,BE3,BE
BE343,BE34,BE3,BE
BE344,BE34,BE3,BE
BE345,BE34,BE3,BE
BE351,BE35,BE3,BE
BE352,BE35,BE3,BE
BE353,BE35,BE3,BE
BG311,BG31,BG3,BG
BG312,BG31,BG3,BG
BG313,BG31,BG3,BG
BG314,BG31,BG3,BG
BG315,BG31,BG3,BG
BG321,BG32,BG3,BG
BG322,BG32,BG3,BG
BG323,BG32,BG3,BG
BG324,BG32,BG3,BG
BG325,BG32,BG3,BG
BG331,BG33,BG3,BG
BG332,BG33,BG3,BG
BG333,BG33,BG3,BG
BG334,BG33,BG3,BG
BG341,BG34,BG3,BG
BG342,BG34,BG3,BG
BG343,BG34,BG3,BG
BG344,BG34,BG3,BG
BG411,BG41,BG4,BG
BG412,BG41,BG4,BG
BG413,BG41,BG4,BG
BG414,BG41,BG4,BG
BG415,BG41,BG4,BG
BG421,BG42,BG4,BG
BG422,BG42,BG4,BG
BG423,BG42,BG4,BG
BG424,BG42,BG4,BG
BG425,BG42,BG4,BG
CH011,CH01,CH0,CH
CH012,CH01,CH0,CH
CH013,CH01,CH0,CH
CH021,CH02,CH0,CH
CH022,CH02,CH0,CH
CH023,CH02,CH0,CH
CH024,CH02,CH0,CH
CH025,CH02,CH0,CH
CH031,CH03,CH0,CH
CH032,CH03,CH0,CH
CH033,CH03,CH0,CH
CH040,CH04,CH0,CH
CH051,CH05,CH0,CH
CH052,CH05,CH0,CH
CH053,CH05,CH0,CH
CH054,CH05,CH0,CH
CH055,CH05,CH0,CH
CH056,CH05,CH0,CH
CH057,CH05,CH0,CH
CH061,CH06,CH0,CH
CH062,CH06,CH0,CH
CH063,CH06,CH0,CH
CH064,CH06,CH0,CH
CH065,CH06,CH0,CH
CH066,CH06,CH0,CH
CH070,CH07,CH0,CH
CY000,CY00,CY0,CY
CZ010,CZ01,CZ0,CZ
CZ020,CZ02,CZ0,CZ
CZ031,CZ03,CZ0,CZ
CZ032,CZ03,CZ0,CZ
CZ041,CZ04,CZ0,CZ
CZ042,CZ04,CZ0,CZ
CZ051,CZ05,CZ0,CZ
CZ052,CZ05,CZ0,CZ
CZ053,CZ05,CZ0,CZ
CZ063,CZ06,CZ0,CZ
CZ064,CZ06,CZ0,CZ
CZ071,CZ07,CZ0,CZ
CZ072,CZ07,CZ0,CZ
CZ080,CZ08,CZ0,CZ
DE111,DE11,DE1,DE
DE112,DE11,DE1,DE
DE113,DE11,DE1,DE
DE114,DE11,DE1,DE
DE115,DE11,DE1,DE
DE116,DE11,DE1,DE
DE117,DE11,DE1,DE
DE118,DE11,DE1,DE
DE119,DE11,DE1,DE
DE11A,DE11,DE1,DE
DE11B,DE11,DE1,DE
DE11C,DE11,DE1,DE
DE11D,DE11,DE1,DE
DE121,DE12,DE1,DE
DE122,DE12,DE1,DE
DE123,DE12,DE1,DE
DE124,DE12,DE1,DE
DE125,DE12,DE1,DE
DE126,DE12,DE1,DE
DE127,DE12,DE1,DE
DE128,DE12,DE1,DE
DE129,DE12,DE1,DE
DE12A,DE12,DE1,DE
DE12B,DE12,DE1,DE
DE12C,DE12,DE1,DE
DE131,DE13,DE1,DE
DE132,DE13,DE1,DE
DE133,DE13,DE1,DE
DE134,DE13,DE1,DE
DE135,DE13,DE1,DE
DE136,DE13,DE1,DE
DE137,DE13,DE1,DE
DE138,DE13,DE1,DE
DE139,DE13,DE1,DE
DE13A,DE13,DE1,DE
DE141,DE14,DE1,DE
DE142,DE14,DE1,DE
DE143,DE14,DE1,DE
DE144,DE14,DE1,DE
DE145,DE14,DE1,DE
DE146,DE14,DE1,DE
DE147,DE14,DE1,DE
DE148,DE14,DE1,DE
DE149,DE14,DE1,DE
DE211,DE21,DE2,DE
DE212,DE21,DE2,DE
DE213,DE21,DE2,DE
DE214,DE21,DE2,DE
DE215,DE21,DE2,DE
DE216,DE21,DE2,DE
DE217,DE21,DE2,DE
DE218,DE21,DE2,DE
DE219,DE21,DE2,DE
DE21A,DE21,DE2,DE
DE21B,DE21,DE2,DE
DE21C,DE21,DE2,DE
DE21D,DE21,DE2,DE
DE21E,DE21,DE2,DE
DE21F,DE21,DE2,DE
DE21G,DE21,DE2,DE
DE21H,DE21,DE2,DE
DE21I,DE21,DE2,DE
DE21J,DE21,DE2,DE
DE21K,DE21,DE2,DE
DE21L,DE21,DE2,DE
DE21M,DE21,DE2,DE
DE21N,DE21,DE2,DE
DE221,DE22,DE2,DE
DE222,DE22,DE2,DE
DE223,DE22,DE2,DE
DE224,DE22,DE2,DE
DE225,DE22,DE2,DE
DE226,DE22,DE2,DE
DE227,DE22,DE2,DE
DE228,DE22,DE2,DE
DE229,DE22,DE2,DE
DE22A,DE22,DE2,DE
DE22B,DE22,DE2,DE
DE22C,DE22,DE2,DE
DE231,DE23,DE2,DE
DE232,DE23,DE2,DE
DE233,DE23,DE2,DE
DE234,DE23,DE2,DE
DE235,DE23,DE2,DE
DE236,DE23,DE2,DE
DE237,DE23,DE2,DE
DE238,DE23,DE2,DE
DE239,DE23,DE2,DE
DE23A,DE23,DE2,DE
DE241,DE24,DE2,DE
DE242,DE24,DE2,DE
DE243,DE24,DE2,DE
DE244,DE24,DE2,DE
DE245,DE24,DE2,DE
DE246,DE24,DE2,DE
DE247,DE24,DE2,DE
DE248,DE24,DE2,DE
DE249,DE24,DE2,DE
DE24A,DE24,DE2,DE
DE24B,DE24,DE2,DE
DE24C,DE24,DE2,DE
DE24D,DE24,DE2,DE
DE251,DE25,DE2,DE
DE252,DE25,DE2,DE
DE253,DE25,DE2,DE
DE254,DE25,DE2,DE
DE255,DE25,DE2,DE
DE256,DE25,DE2,DE
DE257,DE25,DE2,DE
DE258,DE25,DE2,DE
DE259,DE25,DE2,DE
DE25A,DE25,DE2,DE
DE25B,DE25,DE2,DE
DE25C,DE25,DE2,DE
DE261,DE26,DE2,DE
DE262,DE26,DE2,DE
DE263,DE26,DE2,DE
DE264,DE26,DE2,DE
DE265,DE26,DE2,DE
DE266,DE26,DE2,DE
DE267,DE26,DE2,DE
DE268,DE26,DE2,DE
DE269,DE26,DE2,DE
DE26A,DE26,DE2,DE
DE26B,DE26,DE2,DE
DE26C,DE26,DE2,DE
DE271,DE27,DE2,DE
DE272,DE27,DE2,DE
DE273,DE27,DE2,DE
DE274,DE27,DE2,DE
DE275,DE27,DE2,DE
DE276,DE27,DE2,DE
DE277,DE27,DE2,DE
DE278,DE27,DE2,DE
DE279,DE27,DE2,DE
DE27A,DE27,DE2,DE
DE27B,DE27,DE2,DE
DE27C,DE27,DE2,DE
DE27D,DE27,DE2,DE
DE27E,DE27,DE2,DE
DE300,DE30,DE3,DE
DE401,DE40,DE4,DE
DE402,DE40,DE4,DE
DE403,DE40,DE4,DE
DE404,DE40,DE4,DE
DE405,DE40,DE4,DE
DE406,DE40,DE4,DE
DE407,DE40,DE4,DE
DE408,DE40,DE4,DE
DE409,DE40,DE4,DE
DE40A,DE40,DE4,DE
DE40B,DE40,DE4,DE
DE40C,DE40,DE4,DE
DE40D,DE40,DE4,DE
DE40E,DE40,DE4,DE
DE40F,DE40,DE4,DE
DE40G,DE40,DE4,DE
DE40H,DE40,DE4,DE
DE40I,DE40,DE4,DE
DE501,DE50,DE5,DE
DE502,DE50,DE5,DE
DE600,DE60,DE6,DE
DE711,DE71,DE7,DE
DE712,DE71,DE7,DE
DE713,DE71,DE7,DE
DE714,DE71,DE7,DE
DE715,DE71,DE7,DE
DE716,DE71,DE7,DE
DE717,DE71,DE7,DE
DE718,DE71,DE7,DE
DE719,DE71,DE7,DE
DE71A,DE71,DE7,DE
DE71B,DE71,DE7,DE
DE71C,DE71,DE7,DE
DE71D,DE71,DE7,DE
DE71E,DE71,DE7,DE
DE721,DE72,DE7,DE
DE722,DE72,DE7,DE
DE723,DE72,DE7,DE
DE724,DE72,DE7,DE
DE725,DE72,DE7,DE
DE731,DE73,DE7,DE
DE732,DE73,DE7,DE
DE733,DE73,DE7,DE
DE734,DE73,DE7,DE
DE735,DE73,DE7,DE
DE736,DE73,DE7,DE
DE737,DE73,DE7,DE
DE803,DE80,DE8,DE
DE804,DE80,DE8,DE
DE80J,DE80,DE8,DE
DE80K,DE80,DE8,DE
DE80L,DE80,DE8,DE
DE80M,DE80,DE8,DE
DE80N,DE80,DE8,DE
DE80O,DE80,DE8,DE
DE911,DE91,DE9,DE
DE912,DE91,DE9,DE
DE913,DE91,DE9,DE
DE914,DE91,DE9,DE
DE916,DE91,DE9,DE
DE917,DE91,DE9,DE
DE918,DE91,DE9,DE
DE91A,DE91,DE9,DE
DE91B,DE91,DE9,DE
DE91C,DE91,DE9,DE
DE922,DE92,DE9,DE
DE923,DE92,DE9,DE
DE925,DE92,DE9,DE
DE926,DE92,DE9,DE
DE927,DE92,DE9,DE
DE928,DE92,DE9,DE
DE929,DE92,DE9,DE
DE931,DE93,DE9,DE
DE932,DE93,DE9,DE
DE933,DE93,DE9,DE
DE934,DE93,DE9,DE
DE935,DE93,DE9,DE
DE936,DE93,DE9,DE
DE937,DE93,DE9,DE
DE938,DE93,DE9,DE
DE939,DE93,DE9,DE
DE93A,DE93,DE9,DE
DE93B,DE93,DE9,DE
DE941,DE94,DE9,DE
DE942,DE94,DE9,DE
DE943,DE94,DE9,DE
DE944,DE94,DE9,DE
DE945,DE94,DE9,DE
DE946,DE94,DE9,DE
DE947,DE94,DE9,DE
DE948,DE94,DE9,DE
DE949,DE94,DE9,DE
DE94A,DE94,DE9,DE
DE94B,DE94,DE9,DE
DE94C,DE94,DE9,DE
DE94D,DE94,DE9,DE
DE94E,DE94,DE9,DE
DE94F,DE94,DE9,DE
DE94G,DE94,DE9,DE
DE94H,DE94,DE9,DE
DEA11,DEA1,DEA,DE
DEA12,DEA1,DEA,DE
DEA13,DEA1,DEA,DE
DEA14,DEA1,DEA,DE
DEA15,DEA1,DEA,DE
DEA16,DEA1,DEA,DE
DEA17,DEA1,DEA,DE
DEA18,DEA1,DEA,DE
DEA19,DEA1,DEA,DE
DEA1A,DEA1,DEA,DE
DEA1B,DEA1,DEA,DE
DEA1C,DEA1,DEA,DE
DEA1D,DEA1,DEA,DE
DEA1E,DEA1,DEA,DE
DEA1F,DEA1,DEA,DE
DEA22,DEA2,DEA,DE
DEA23,DEA2,DEA,DE
DEA24,DEA2,DEA,DE
DEA26,DEA2,DEA,DE
DEA27,DEA2,DEA,DE
DEA28,DEA2,DEA,DE
DEA29,DEA2,DEA,DE
DEA2A,DEA2,DEA,DE
DEA2B,DEA2,DEA,DE
DEA2C,DEA2,DEA,DE
DEA2D,DEA2,DEA,DE
DEA31,DEA3,DEA,DE
DEA32,DEA3,DEA,DE
DEA33,DEA3,DEA,DE
DEA34,DEA3,DEA,DE
DEA35,DEA3,DEA,DE
DEA36,DEA3,DEA,DE
DEA37,DEA3,DEA,DE
DEA38,DEA3,DEA,DE
DEA41,DEA4,DEA,DE
DEA42,DEA4,DEA,DE
DEA43,DEA4,DEA,DE
DEA44,DEA4,DEA,DE
DEA45,DEA4,DEA,DE
DEA46,DEA4,DEA,DE
DEA47,DEA4,DEA,DE
DEA51,DEA5,DEA,DE
DEA52,DEA5,DEA,DE
DEA53,DEA5,DEA,DE
DEA54,DEA5,DEA,DE
DEA55,DEA5,DEA,DE
DEA56,DEA5,DEA,DE
DEA57,DEA5,DEA,DE
DEA58,DEA5,DEA,DE
DEA59,DEA5,DEA,DE
DEA5A,DEA5,DEA,DE
DEA5B,DEA5,DEA,DE
DEA5C,DEA5,DEA,DE
DEB11,DEB1,DEB,DE
DEB12,DEB1,DEB,DE
DEB13,DEB1,DEB,DE
DEB14,DEB1,DEB,DE
DEB15,DEB1,DEB,DE
DEB17,DEB1,DEB,DE
DEB18,DEB1,DEB,DE
DEB1A,DEB1,DEB,DE
DEB1B,DEB1,DEB,DE
DEB1C,DEB1,DEB,DE
DEB1D,DEB1,DEB,DE
DEB21,DEB2,DEB,DE
DEB22,DEB2,DEB,DE
DEB23,DEB2,DEB,DE
DEB24,DEB2,DEB,DE
DEB25,DEB2,DEB,DE
DEB31,DEB3,DEB,DE
DEB32,DEB3,DEB,DE
DEB33,DEB3,DEB,DE
DEB34,DEB3,DEB,DE
DEB35,DEB3,DEB,DE
DEB36,DEB3,DEB,DE
DEB37,DEB3,DEB,DE
DEB38,DEB3,DEB,DE
DEB39,DEB3,DEB,DE
DEB3A,DEB3,DEB,DE
DEB3B,DEB3,DEB,DE
DEB3C,DEB3,DEB,DE
DEB3D,DEB3,DEB,DE
DEB3E,DEB3,DEB,DE
DEB3F,DEB3,DEB,DE
DEB3G,DEB3,DEB,DE
DEB3H,DEB3,DEB,DE
DEB3I,DEB3,DEB,DE
DEB3J,DEB3,DEB,DE
DEB3K,DEB3,DEB,DE
DEC01,DEC0,DEC,DE
DEC02,DEC0,DEC,DE
DEC03,DEC0,DEC,DE
DEC04,DEC0,DEC,DE
DEC05,DEC0,DEC,DE
DEC06,DEC0,DEC,DE
DED21,DED2,DED,DE
DED2C,DED2,DED,DE
DED2D,DED2,DED,DE
DED2E,DED2,DED,DE
DED2F,DED2,DED,DE
DED41,DED4,DED,DE
DED42,DED4,DED,DE
DED43,DED4,DED,DE
DED44,DED4,DED,DE
DED45,DED4,DED,DE
DED51,DED5,DED,DE
DED52,DED5,DED,DE
DED53,DED5,DED,DE
DEE01,DEE0,DEE,DE
DEE02,DEE0,DEE,DE
DEE03,DEE0,DEE,DE
DEE04,DEE0,DEE,DE
DEE05,DEE0,DEE,DE
DEE06,DEE0,DEE,DE
DEE07,DEE0,DEE,DE
DEE08,DEE0,DEE,DE
DEE09,DEE0,DEE,DE
DEE0A,DEE0,DEE,DE
DEE0B,DEE0,DEE,DE
DEE0C,DEE0,DEE,DE
DEE0D,DEE0,DEE,DE
DEE0E,DEE0,DEE,DE
DEF01,DEF0,DEF,DE
DEF02,DEF0,DEF,DE
DEF03,DEF0,DEF,DE
DEF04,DEF0,DEF,DE
DEF05,DEF0,DEF,DE
DEF06,DEF0,DEF,DE
DEF07,DEF0,DEF,DE
DEF08,DEF0,DEF,DE
DEF09,DEF0,DEF,DE
DEF0A,DEF0,DEF,DE
DEF0B,DEF0,DEF,DE
DEF0C,DEF0,DEF,DE
DEF0D,DEF0,DEF,DE
DEF0E,DEF0,DEF,DE
DEF0F,DEF0,DEF,DE
DEG01,DEG0,DEG,DE
DEG02,DEG0,DEG,DE
DEG03,DEG0,DEG,DE
DEG04,DEG0,DEG,DE
DEG05,DEG0,DEG,DE
DEG06,DEG0,DEG,DE
DEG07,DEG0,DEG,DE
DEG09,DEG0,DEG,DE
DEG0A,DEG0,DEG,DE
DEG0B,DEG0,DEG,DE
DEG0C,DEG0,DEG,DE
DEG0D,DEG0,DEG,DE
DEG0E,DEG0,DEG,DE
DEG0F,DEG0,DEG,DE
DEG0G,DEG0,DEG,DE
DEG0H,DEG0,DEG,DE
DEG0I,DEG0,DEG,DE
DEG0J,DEG0,DEG,DE
DEG0K,DEG0,DEG,DE
DEG0L,DEG0,DEG,DE
DEG0M,DEG0,DEG,DE
DEG0N,DEG0,DEG,DE
DEG0P,DEG0,DEG,DE
DK011,DK01,DK0,DK
DK012,DK01,DK0,DK
DK013,DK01,DK0,DK
DK014,DK01,DK0,DK
DK021,DK02,DK0,DK
DK022,DK02,DK0,DK
DK031,DK03,DK0,DK
DK032,DK03,DK0,DK
DK041,DK04,DK0,DK
DK042,DK04,DK0,DK
DK050,DK05,DK0,DK
EE001,EE00,EE0,EE
EE004,EE00,EE0,EE
EE006,EE00,EE0,EE
EE007,EE00,EE0,EE
EE008,EE00,EE0,EE
EL301,EL30,EL3,EL
EL302,EL30,EL3,EL
EL303,EL30,EL3,EL
EL304,EL30,EL3,EL
EL305,EL30,EL3,EL
EL306,EL30,EL3,EL
EL307,EL30,EL3,EL
EL411,EL41,EL4,EL
EL412,EL41,EL4,EL
EL413,EL41,EL4,EL
EL421,EL42,EL4,EL
EL422,EL42,EL4,EL
EL431,EL43,EL4,EL
EL432,EL43,EL4,EL
EL433,EL43,EL4,EL
EL434,EL43,EL4,EL
EL511,EL51,EL5,EL
EL512,EL51,EL5,EL
EL513,EL51,EL5,EL
EL514,EL51,EL5,EL
EL515,EL51,EL5,EL
EL521,EL52,EL5,EL
EL522,EL52,EL5,EL
EL523,EL52,EL5,EL
EL524,EL52,EL5,EL
EL525,EL52,EL5,EL
EL526,EL52,EL5,EL
EL527,EL52,EL5,EL
EL531,EL53,EL5,EL
EL532,EL53,EL5,EL
EL533,EL53,EL5,EL
EL541,EL54,EL5,EL
EL542,EL54,EL5,EL
EL543,EL54,EL5,EL
EL611,EL61,EL6,EL
EL612,EL61,EL6,EL
EL613,EL61,EL6,EL
EL621,EL62,EL6,EL
EL622,EL62,EL6,EL
EL623,EL62,EL6,EL
EL624,EL62,EL6,EL
EL631,EL63,EL6,EL
EL632,EL63,EL6,EL
EL633,EL63,EL6,EL
EL641,EL64,EL6,EL
EL642,EL64,EL6,EL
EL643,EL64,EL6,EL
EL644,EL64,EL6,EL
EL645,EL64,EL6,EL
EL651,EL65,EL6,EL
EL652,EL65,EL6,EL
EL653,EL65,EL6,EL
ES111,ES11,ES1,ES
ES112,ES11,ES1,ES
ES113,ES11,ES1,ES
ES114,ES11,ES1,ES
ES120,ES12,ES1,ES
ES130,ES13,ES1,ES
ES211,ES21,ES2,ES
ES212,ES21,ES2,ES
ES213,ES21,ES2,ES
ES220,ES22,ES2,ES
ES230,ES23,ES2,ES
ES241,ES24,ES2,ES
ES242,ES24,ES2,ES
ES243,ES24,ES2,ES
ES300,ES30,ES3,ES
ES411,ES41,ES4,ES
ES412,ES41,ES4,ES
ES413,ES41,ES4,ES
ES414,ES41,ES4,ES
ES415,ES41,ES4,ES
ES416,ES41,ES4,ES
ES417,ES41,ES4,ES
ES418,ES41,ES4,ES
ES419,ES41,ES4,ES
ES421,ES42,ES4,ES
ES422,ES42,ES4,ES
ES423,ES42,ES4,ES
ES424,ES42,ES4,ES
ES425,ES42,ES4,ES
ES431,ES43,ES4,ES
ES432,ES43,ES4,ES
ES511,ES51,ES5,ES
ES512,ES51,ES5,ES
ES513,ES51,ES5,ES
ES514,ES51,ES5,ES
ES521,ES52,ES5,ES
ES522,ES52,ES5,ES
ES523,ES52,ES5,ES
ES531,ES53,ES5,ES
ES532,ES53,ES5,ES
ES533,ES53,ES5,ES
ES611,ES61,ES6,ES
ES612,ES61,ES6,ES
ES613,ES61,ES6,ES
ES614,ES61,ES6,ES
ES615,ES61,ES6,ES
ES616,ES61,ES6,ES
ES617,ES61,ES6,ES
ES618,ES61,ES6,ES
ES620,ES62,ES6,ES
ES630,ES63,ES6,ES
ES640,ES64,ES6,ES
ES703,ES70,ES7,ES
ES704,ES70,ES7,ES
ES705,ES70,ES7,ES
ES706,ES70,ES7,ES
ES707,ES70,ES7,ES
ES708,ES70,ES7,ES
ES709,ES70,ES7,ES
FI193,FI19,FI1,FI
FI194,FI19,FI1,FI
FI195,FI19,FI1,FI
FI196,FI19,FI1,FI
FI197,FI19,FI1,FI
FI1B1,FI1B,FI1,FI
FI1C1,FI1C,FI1,FI
FI1C2,FI1C,FI1,FI
FI1C3,FI1C,FI1,FI
FI1C4,FI1C,FI1,FI
FI1C5,FI1C,FI1,FI
FI1D1,FI1D,FI1,FI
FI1D2,FI1D,FI1,FI
FI1D3,FI1D,FI1,FI
FI1D5,FI1D,FI1,FI
FI1D7,FI1D,FI1,FI
FI1D8,FI1D,FI1,FI
FI1D9,FI1D,FI1,FI
FI200,FI20,FI2,FI
FR101,FR10,FR1,FR
FR102,FR10,FR1,FR
FR103,FR10,FR1,FR
FR104,FR10,FR1,FR
FR105,FR10,FR1,FR
FR106,FR10,FR1,FR
FR107,FR10,FR1,FR
FR108,FR10,FR1,FR
FRB01,FRB0,FRB,FR
FRB02,FRB0,FRB,FR
FRB03,FRB0,FRB,FR
FRB04,FRB0,FRB,FR
FRB05,FRB0,FRB,FR
FRB06,FRB0,FRB,FR
FRC11,FRC1,FRC,FR
FRC12,FRC1,FRC,FR
FRC13,FRC1,FRC,FR
FRC14,FRC1,FRC,FR
FRC21,FRC2,FRC,FR
FRC22,FRC2,FRC,FR
FRC23,FRC2,FRC,FR
FRC24,FRC2,FRC,FR
FRD11,FRD1,FRD,FR
FRD12,FRD1,FRD,FR
FRD13,FRD1,FRD,FR
FRD21,FRD2,FRD,FR
FRD22,FRD2,FRD,FR
FRE11,FRE1,FRE,FR
FRE12,FRE1,FRE,FR
FRE21,FRE2,FRE,FR
FRE22,FRE2,FRE,FR
FRE23,FRE2,FRE,FR
FRF11,FRF1,FRF,FR
FRF12,FRF1,FRF,FR
FRF21,FRF2,FRF,FR
FRF22,FRF2,FRF,FR
FRF23,FRF2,FRF,FR
FRF24,FRF2,FRF,FR
FRF31,FRF3,FRF,FR
FRF32,FRF3,FRF,FR
FRF33,FRF3,FRF,FR
FRF34,FRF3,FRF,FR
FRG01,FRG0,FRG,FR
FRG02,FRG0,FRG,FR
FRG03,FRG0,FRG,FR
FRG04,FRG0,FRG,FR
FRG05,FRG0,FRG,FR
FRH01,FRH0,FRH,FR
FRH02,FRH0,FRH,FR
FRH03,FRH0,FRH,FR
FRH04,FRH0,FRH,FR
FRI11,FRI1,FRI,FR
FRI12,FRI1,FRI,FR
FRI13,FRI1,FRI,FR
FRI14,FRI1,FRI,FR
FRI15,FRI1,FRI,FR
FRI21,FRI2,FRI,FR
FRI22,FRI2,FRI,FR
FRI23,FRI2,FRI,FR
FRI31,FRI3,FRI,FR
FRI32,FRI3,FRI,FR
FRI33,FRI3,FRI,FR
FRI34,FRI3,FRI,FR
FRJ11,FRJ1,FRJ,FR
FRJ12,FRJ1,FRJ,FR
FRJ13,FRJ1,FRJ,FR
FRJ14,FRJ1,FRJ,FR
FRJ15,FRJ1,FRJ,FR
FRJ21,FRJ2,FRJ,FR
FRJ22,FRJ2,FRJ,FR
FRJ23,FRJ2,FRJ,FR
FRJ24,FRJ2,FRJ,FR
FRJ25,FRJ2,FRJ,FR
FRJ26,FRJ2,FRJ,FR
FRJ27,FRJ2,FRJ,FR
FRJ28,FRJ2,FRJ,FR
FRK11,FRK1,FRK,FR
FRK12,FRK1,FRK,FR
FRK13,FRK1,FRK,FR
FRK14,FRK1,FRK,FR
FRK21,FRK2,FRK,FR
FRK22,FRK2,FRK,FR
FRK23,FRK2,FRK,FR
FRK24,FRK2,FRK,FR
FRK25,FRK2,FRK,FR
FRK26,FRK2,FRK,FR
FRK27,FRK2,FRK,FR
FRK28,FRK2,FRK,FR
FRL01,FRL0,FRL,FR
FRL02,FRL0,FRL,FR
FRL03,FRL0,FRL,FR
FRL04,FRL0,FRL,FR
FRL05,FRL0,FRL,FR
FRL06,FRL0,FRL,FR
FRM01,FRM0,FRM,FR
FRM02,FRM0,FRM,FR
FRY10,FRY1,FRY,FR
FRY20,FRY2,FRY,FR
FRY30,FRY3,FRY,FR
FRY40,FRY4,FRY,FR
FRY50,FRY5,FRY,FR
HR031,HR03,HR0,HR
HR032,HR03,HR0,HR
HR033,HR03,HR0,HR
HR034,HR03,HR0,HR
HR035,HR03,HR0,HR
HR036,HR03,HR0,HR
HR037,HR03,HR0,HR
HR041,HR04,HR0,HR
HR042,HR04,HR0,HR
HR043,HR04,HR0,HR
HR044,HR04,HR0,HR
HR045,HR04,HR0,HR
HR046,HR04,HR0,HR
HR047,HR04,HR0,HR
HR048,HR04,HR0,HR
HR049,HR04,HR0,HR
HR04A,HR04,HR0,HR
HR04B,HR04,HR0,HR
HR04C,HR04,HR0,HR
HR04D,HR04,HR0,HR
HR04E,HR04,HR0,HR
HU110,HU11,HU1,HU
HU120,HU12,HU1,HU
HU211,HU21,HU2,HU
HU212,HU21,HU2,HU
HU213,HU21,HU2,HU
HU221,HU22,HU2,HU
HU222,HU22,HU2,HU
HU223,HU22,HU2,HU
HU231,HU23,HU2,HU
HU232,HU23,HU2,HU
HU233,HU23,HU2,HU
HU311,HU31,HU3,HU
HU312,HU31,HU3,HU
HU313,HU31,HU3,HU
HU321,HU32,HU3,HU
HU322,HU32,HU3,HU
HU323,HU32,HU3,HU
HU331,HU33,HU3,HU
HU332,HU33,HU3,HU
HU333,HU33,HU3,HU
IE041,IE04,IE0,IE
IE042,IE04,IE0,IE
IE051,IE05,IE0,IE
IE052,IE05,IE0,IE
IE053,IE05,IE0,IE
IE061,IE06,IE0,IE
IE062,IE06,IE0,IE
IE063,IE06,IE0,IE
IS001,IS00,IS0,IS
IS002,IS00,IS0,IS
ITC11,ITC1,ITC,IT
ITC12,ITC1,ITC,IT
ITC13,ITC1,ITC,IT
ITC14,ITC1,ITC,IT
ITC15,ITC1,ITC,IT
ITC16,ITC1,ITC,IT
ITC17,ITC1,ITC,IT
ITC18,ITC1,ITC,IT
ITC20,ITC2,ITC,IT
ITC31,ITC3,ITC,IT
ITC32,ITC3,ITC,IT
ITC33,ITC3,ITC,IT
ITC34,ITC3,ITC,IT
ITC41,ITC4,ITC,IT
ITC42,ITC4,ITC,IT
ITC43,ITC4,ITC,IT
ITC44,ITC4,ITC,IT
ITC46,ITC4,ITC,IT
ITC47,ITC4,ITC,IT
ITC48,ITC4,ITC,IT
ITC49,ITC4,ITC,IT
ITC4A,ITC4,ITC,IT
ITC4B,ITC4,ITC,IT
ITC4C,ITC4,ITC,IT
ITC4D,ITC4,ITC,IT
ITF11,ITF1,ITF,IT
ITF12,ITF1,ITF,IT
ITF13,ITF1,ITF,IT
ITF14,ITF1,ITF,IT
ITF21,ITF2,ITF,IT
ITF22,ITF2,ITF,IT
ITF31,ITF3,ITF,IT
ITF32,ITF3,ITF,IT
ITF33,ITF3,ITF,IT
ITF34,ITF3,ITF,IT
ITF35,ITF3,ITF,IT
ITF43,ITF4,ITF,IT
ITF44,ITF4,ITF,IT
ITF45,ITF4,ITF,IT
ITF46,ITF4,ITF,IT
ITF47,ITF4,ITF,IT
ITF48,ITF4,ITF,IT
ITF51,ITF5,ITF,IT
ITF52,ITF5,ITF,IT
ITF61,ITF6,ITF,IT
ITF62,ITF6,ITF,IT
ITF63,ITF6,ITF,IT
ITF64,ITF6,ITF,IT
ITF65,ITF6,ITF,IT
ITG11,ITG1,ITG,IT
ITG12,ITG1,ITG,IT
ITG13,ITG1,ITG,IT
ITG14,ITG1,ITG,IT
ITG15,ITG1,ITG,IT
ITG16,ITG1,ITG,IT
ITG17,ITG1,ITG,IT
ITG18,ITG1,ITG,IT
ITG19,ITG1,ITG,IT
ITG25,ITG2,ITG,IT
ITG26,ITG2,ITG,IT
ITG27,ITG2,ITG,IT
ITG28,ITG2,ITG,IT
ITG29,ITG2,ITG,IT
ITG2A,ITG2,ITG,IT
ITG2B,ITG2,ITG,IT
ITG2C,ITG2,ITG,IT
ITH10,ITH1,ITH,IT
ITH20,ITH2,ITH,IT
ITH31,ITH3,ITH,IT
ITH32,ITH3,ITH,IT
ITH33,ITH3,ITH,IT
ITH34,ITH3,ITH,IT
ITH35,ITH3,ITH,IT
ITH36,ITH3,ITH,IT
ITH37,ITH3,ITH,IT
ITH41,ITH4,ITH,IT
ITH42,ITH4,ITH,IT
ITH43,ITH4,ITH,IT
ITH44,ITH4,ITH,IT
ITH51,ITH5,ITH,IT
ITH52,ITH5,ITH,IT
ITH53,ITH5,ITH,IT
ITH54,ITH5,ITH,IT
ITH55,ITH5,ITH,IT
ITH56,ITH5,ITH,IT
ITH57,ITH5,ITH,IT
ITH58,ITH5,ITH,IT
ITH59,ITH5,ITH,IT
ITI11,ITI1,ITI,IT
ITI12,ITI1,ITI,IT
ITI13,ITI1,ITI,IT
ITI14,ITI1,ITI,IT
ITI15,ITI1,ITI,IT
ITI16,ITI1,ITI,IT
ITI17,ITI1,ITI,IT
ITI18,ITI1,ITI,IT
ITI19,ITI1,ITI,IT
ITI1A,ITI1,ITI,IT
ITI21,ITI2,ITI,IT
ITI22,ITI2,ITI,IT
ITI31,ITI3,ITI,IT
ITI32,ITI3,ITI,IT
ITI33,ITI3,ITI,IT
ITI34,ITI3,ITI,IT
ITI35,ITI3,ITI,IT
ITI41,ITI4,ITI,IT
ITI42,ITI4,ITI,IT
ITI43,ITI4,ITI,IT
ITI44,ITI4,ITI,IT
ITI45,ITI4,ITI,IT
LI000,LI00,LI0,LI
LT011,LT01,LT0,LT
LT021,LT02,LT0,LT
LT022,LT02,LT0,LT
LT023,LT02,LT0,LT
LT024,LT02,LT0,LT
LT025,LT02,LT0,LT
LT026,LT02,LT0,LT
LT027,LT02,LT0,LT
LT028,LT02,LT0,LT
LT029,LT02,LT0,LT
LU000,LU00,LU0,LU
LV003,LV00,LV0,LV
LV005,LV00,LV0,LV
LV006,LV00,LV0,LV
LV007,LV00,LV0,LV
LV008,LV00,LV0,LV
LV009,LV00,LV0,LV
ME000,ME00,ME0,ME
MK001,MK00,MK0,MK
MK002,MK00,MK0,MK
MK003,MK00,MK0,MK
MK004,MK00,MK0,MK
MK005,MK00,MK0,MK
MK006,MK00,MK0,MK
MK007,MK00,MK0,MK
MK008,MK00,MK0,MK
MT001,MT00,MT0,MT
MT002,MT00,MT0,MT
NL111,NL11,NL1,NL
NL112,NL11,NL1,NL
NL113,NL11,NL1,NL
NL124,NL12,NL1,NL
NL125,NL12,NL1,NL
NL126,NL12,NL1,NL
NL131,NL13,NL1,NL
NL132,NL13,NL1,NL
NL133,NL13,NL1,NL
NL211,NL21,NL2,NL
NL212,NL21,NL2,NL
NL213,NL21,NL2,NL
NL221,NL22,NL2,NL
NL224,NL22,NL2,NL
NL225,NL22,NL2,NL
NL226,NL22,NL2,NL
NL230,NL23,NL2,NL
NL310,NL31,NL3,NL
NL321,NL32,NL3,NL
NL323,NL32,NL3,NL
NL324,NL32,NL3,NL
NL325,NL32,NL3,NL
NL327,NL32,NL3,NL
NL328,NL32,NL3,NL
NL329,NL32,NL3,NL
NL332,NL33,NL3,NL
NL333,NL33,NL3,NL
NL337,NL33,NL3,NL
NL33A,NL33,NL3,NL
NL33B,NL33,NL3,NL
NL33C,NL33,NL3,NL
NL341,NL34,NL3,NL
NL342,NL34,NL3,NL
NL411,NL41,NL4,NL
NL412,NL41,NL4,NL
NL413,NL41,NL4,NL
NL414,NL41,NL4,NL
NL421,NL42,NL4,NL
NL422,NL42,NL4,NL
NL423,NL42,NL4,NL
NO011,NO01,NO0,NO
NO012,NO01,NO0,NO
NO021,NO02,NO0,NO
NO022,NO02,NO0,NO
NO031,NO03,NO0,NO
NO032,NO03,NO0,NO
NO033,NO03,NO0,NO
NO034,NO03,NO0,NO
NO041,NO04,NO0,NO
NO042,NO04,NO0,NO
NO043,NO04,NO0,NO
NO051,NO05,NO0,NO
NO052,NO05,NO0,NO
NO053,NO05,NO0,NO
NO060,NO06,NO0,NO
NO071,NO07,NO0,NO
NO072,NO07,NO0,NO
NO073,NO07,NO0,NO
PL213,PL21,PL2,PL
PL214,PL21,PL2,PL
PL217,PL21,PL2,PL
PL218,PL21,PL2,PL
PL219,PL21,PL2,PL
PL21A,PL21,PL2,PL
PL224,PL22,PL2,PL
PL225,PL22,PL2,PL
PL227,PL22,PL2,PL
PL228,PL22,PL2,PL
PL229,PL22,PL2,PL
PL22A,PL22,PL2,PL
PL22B,PL22,PL2,PL
PL22C,PL22,PL2,PL
PL411,PL41,PL4,PL
PL414,PL41,PL4,PL
PL415,PL41,PL4,PL
PL416,PL41,PL4,PL
PL417,PL41,PL4,PL
PL418,PL41,PL4,PL
PL424,PL42,PL4,PL
PL426,PL42,PL4,PL
PL427,PL42,PL4,PL
PL428,PL42,PL4,PL
PL431,PL43,PL4,PL
PL432,PL43,PL4,PL
PL514,PL51,PL5,PL
PL515,PL51,PL5,PL
PL516,PL51,PL5,PL
PL517,PL51,PL5,PL
PL518,PL51,PL5,PL
PL523,PL52,PL5,PL
PL524,PL52,PL5,PL
PL613,PL61,PL6,PL
PL616,PL61,PL6,PL
PL617,PL61,PL6,PL
PL618,PL61,PL6,PL
PL619,PL61,PL6,PL
PL621,PL62,PL6,PL
PL622,PL62,PL6,PL
PL623,PL62,PL6,PL
PL633,PL63,PL6,PL
PL634,PL63,PL6,PL
PL636,PL63,PL6,PL
PL637,PL63,PL6,PL
PL638,PL63,PL6,PL
PL711,PL71,PL7,PL
PL712,PL71,PL7,PL
PL713,PL71,PL7,PL
PL714,PL71,PL7,PL
PL715,PL71,PL7,PL
PL721,PL72,PL7,PL
PL722,PL72,PL7,PL
PL811,PL81,PL8,PL
PL812,PL81,PL8,PL
PL814,PL81,PL8,PL
PL815,PL81,PL8,PL
PL821,PL82,PL8,PL
PL822,PL82,PL8,PL
PL823,PL82,PL8,PL
PL824,PL82,PL8,PL
PL841,PL84,PL8,PL
PL842,PL84,PL8,PL
PL843,PL84,PL8,PL
PL911,PL91,PL9,PL
PL912,PL91,PL9,PL
PL913,PL91,PL9,PL
PL921,PL92,PL9,PL
PL922,PL92,PL9,PL
PL923,PL92,PL9,PL
PL924,PL92,PL9,PL
PL925,PL92,PL9,PL
PL926,PL92,PL9,PL
PT111,PT11,PT1,PT
PT112,PT11,PT1,PT
PT119,PT11,PT1,PT
PT11A,PT11,PT1,PT
PT11B,PT11,PT1,PT
PT11C,PT11,PT1,PT
PT11D,PT11,PT1,PT
PT11E,PT11,PT1,PT
PT150,PT15,PT1,PT
PT16B,PT16,PT1,PT
PT16D,PT16,PT1,PT
PT16E,PT16,PT1,PT
PT16F,PT16,PT1,PT
PT16G,PT16,PT1,PT
PT16H,PT16,PT1,PT
PT16I,PT16,PT1,PT
PT16J,PT16,PT1,PT
PT170,PT17,PT1,PT
PT181,PT18,PT1,PT
PT184,PT18,PT1,PT
PT185,PT18,PT1,PT
PT186,PT18,PT1,PT
PT187,PT18,PT1,PT
PT200,PT20,PT2,PT
PT300,PT30,PT3,PT
RO111,RO11,RO1,RO
RO112,RO11,RO1,RO
RO113,RO11,RO1,RO
RO114,RO11,RO1,RO
RO115,RO11,RO1,RO
RO116,RO11,RO1,RO
RO121,RO12,RO1,RO
RO122,RO12,RO1,RO
RO123,RO12,RO1,RO
RO124,RO12,RO1,RO
RO125,RO12,RO1,RO
RO126,RO12,RO1,RO
RO211,RO21,RO2,RO
RO212,RO21,RO2,RO
RO213,RO21,RO2,RO
RO214,RO21,RO2,RO
RO215,RO21,RO2,RO
RO216,RO21,RO2,RO
RO221,RO22,RO2,RO
RO222,RO22,RO2,RO
RO223,RO22,RO2,RO
RO224,RO22,RO2,RO
RO225,RO22,RO2,RO
RO226,RO22,RO2,RO
RO311,RO31,RO3,RO
RO312,RO31,RO3,RO
RO313,RO31,RO3,RO
RO314,RO31,RO3,RO
RO315,RO31,RO3,RO
RO316,RO31,RO3,RO
RO317,RO31,RO3,RO
RO321,RO32,RO3,RO
RO322,RO32,RO3,RO
RO411,RO41,RO4,RO
RO412,RO41,RO4,RO
RO413,RO41,RO4,RO
RO414,RO41,RO4,RO
RO415,RO41,RO4,RO
RO421,RO42,RO4,RO
RO422,RO42,RO4,RO
RO423,RO42,RO4,RO
RO424,RO42,RO4,RO
RS110,RS11,RS1,RS
RS121,RS12,RS1,RS
RS122,RS12,RS1,RS
RS123,RS12,RS1,RS
RS124,RS12,RS1,RS
RS125,RS12,RS1,RS
RS126,RS12,RS1,RS
RS127,RS12,RS1,RS
RS211,RS21,RS2,RS
RS212,RS21,RS2,RS
RS213,RS21,RS2,RS
RS214,RS21,RS2,RS
RS215,RS21,RS2,RS
RS216,RS21,RS2,RS
RS217,RS21,RS2,RS
RS218,RS21,RS2,RS
RS221,RS22,RS2,RS
RS222,RS22,RS2,RS
RS223,RS22,RS2,RS
RS224,RS22,RS2,RS
RS225,RS22,RS2,RS
RS226,RS22,RS2,RS
RS227,RS22,RS2,RS
RS228,RS22,RS2,RS
RS229,RS22,RS2,RS
SE110,SE11,SE1,SE
SE121,SE12,SE1,SE
SE122,SE12,SE1,SE
SE123,SE12,SE1,SE
SE124,SE12,SE1,SE
SE125,SE12,SE1,SE
SE211,SE21,SE2,SE
SE212,SE21,SE2,SE
SE213,SE21,SE2,SE
SE214,SE21,SE2,SE
SE221,SE22,SE2,SE
SE224,SE22,SE2,SE
SE231,SE23,SE2,SE
SE232,SE23,SE2,SE
SE311,SE31,SE3,SE
SE312,SE31,SE3,SE
SE313,SE31,SE3,SE
SE321,SE32,SE3,SE
SE322,SE32,SE3,SE
SE331,SE33,SE3,SE
SE332,SE33,SE3,SE
SI031,SI03,SI0,SI
SI032,SI03,SI0,SI
SI033,SI03,SI0,SI
SI034,SI03,SI0,SI
SI035,SI03,SI0,SI
SI036,SI03,SI0,SI
SI037,SI03,SI0,SI
SI038,SI03,SI0,SI
SI041,SI04,SI0,SI
SI042,SI04,SI0,SI
SI043,SI04,SI0,SI
SI044,SI04,SI0,SI
SK010,SK01,SK0,SK
SK021,SK02,SK0,SK
SK022,SK02,SK0,SK
SK023,SK02,SK0,SK
SK031,SK03,SK0,SK
SK032,SK03,SK0,SK
SK041,SK04,SK0,SK
SK042,SK04,SK0,SK
TR100,TR10,TR1,TR
TR211,TR21,TR2,TR
TR212,TR21,TR2,TR
TR213,TR21,TR2,TR
TR221,TR22,TR2,TR
TR222,TR22,TR2,TR
TR310,TR31,TR3,TR
TR321,TR32,TR3,TR
TR322,TR32,TR3,TR
TR323,TR32,TR3,TR
TR331,TR33,TR3,TR
TR332,TR33,TR3,TR
TR333,TR33,TR3,TR
TR334,TR33,TR3,TR
TR411,TR41,TR4,TR
TR412,TR41,TR4,TR
TR413,TR41,TR4,TR
TR421,TR42,TR4,TR
TR422,TR42,TR4,TR
TR423,TR42,TR4,TR
TR424,TR42,TR4,TR
TR425,TR42,TR4,TR
TR510,TR51,TR5,TR
TR521,TR52,TR5,TR
TR522,TR52,TR5,TR
TR611,TR61,TR6,TR
TR612,TR61,TR6,TR
TR613,TR61,TR6,TR
TR621,TR62,TR6,TR
TR622,TR62,TR6,TR
TR631,TR63,TR6,TR
TR632,TR63,TR6,TR
TR633,TR63,TR6,TR
TR711,TR71,TR7,TR
TR712,TR71,TR7,TR
TR713,TR71,TR7,TR
TR714,TR71,TR7,TR
TR715,TR71,TR7,TR
TR721,TR72,TR7,TR
TR722,TR72,TR7,TR
TR723,TR72,TR7,TR
TR811,TR81,TR8,TR
TR812,TR81,TR8,TR
TR813,TR81,TR8,TR
TR821,TR82,TR8,TR
TR822,TR82,TR8,TR
TR823,TR82,TR8,TR
TR831,TR83,TR8,TR
TR832,TR83,TR8,TR
TR833,TR83,TR8,TR
TR834,TR83,TR8,TR
TR901,TR90,TR9,TR
TR902,TR90,TR9,TR
TR903,TR90,TR9,TR
TR904,TR90,TR9,TR
TR905,TR90,TR9,TR
TR906,TR90,TR9,TR
TRA11,TRA1,TRA,TR
TRA12,TRA1,TRA,TR
TRA13,TRA1,TRA,TR
TRA21,TRA2,TRA,TR
TRA22,TRA2,TRA,TR
TRA23,TRA2,TRA,TR
TRA24,TRA2,TRA,TR
TRB11,TRB1,TRB,TR
TRB12,TRB1,TRB,TR
TRB13,TRB1,TRB,TR
TRB14,TRB1,TRB,TR
TRB21,TRB2,TRB,TR
TRB22,TRB2,TRB,TR
TRB23,TRB2,TRB,TR
TRB24,TRB2,TRB,TR
TRC11,TRC1,TRC,TR
TRC12,TRC1,TRC,TR
TRC13,TRC1,TRC,TR
TRC21,TRC2,TRC,TR
TRC22,TRC2,TRC,TR
TRC31,TRC3,TRC,TR
TRC32,TRC3,TRC,TR
TRC33,TRC3,TRC,TR
TRC34,TRC3,TRC,TR
UKC11,UKC1,UKC,UK
UKC12,UKC1,UKC,UK
UKC13,UKC1,UKC,UK
UKC14,UKC1,UKC,UK
UKC21,UKC2,UKC,UK
UKC22,UKC2,UKC,UK
UKC23,UKC2,UKC,UK
UKD11,UKD1,UKD,UK
UKD12,UKD1,UKD,UK
UKD33,UKD3,UKD,UK
UKD34,UKD3,UKD,UK
UKD35,UKD3,UKD,UK
UKD36,UKD3,UKD,UK
UKD37,UKD3,UKD,UK
UKD41,UKD4,UKD,UK
UKD42,UKD4,UKD,UK
UKD44,UKD4,UKD,UK
UKD45,UKD4,UKD,UK
UKD46,UKD4,UKD,UK
UKD47,UKD4,UKD,UK
UKD61,UKD6,UKD,UK
UKD62,UKD6,UKD,UK
UKD63,UKD6,UKD,UK
UKD71,UKD7,UKD,UK
UKD72,UKD7,UKD,UK
UKD73,UKD7,UKD,UK
UKD74,UKD7,UKD,UK
UKE11,UKE1,UKE,UK
UKE12,UKE1,UKE,UK
UKE13,UKE1,UKE,UK
UKE21,UKE2,UKE,UK
UKE22,UKE2,UKE,UK
UKE31,UKE3,UKE,UK
UKE32,UKE3,UKE,UK
UKE41,UKE4,UKE,UK
UKE42,UKE4,UKE,UK
UKE44,UKE4,UKE,UK
UKE45,UKE4,UKE,UK
UKF11,UKF1,UKF,UK
UKF12,UKF1,UKF,UK
UKF13,UKF1,UKF,UK
UKF14,UKF1,UKF,UK
UKF15,UKF1,UKF,UK
UKF16,UKF1,UKF,UK
UKF21,UKF2,UKF,UK
UKF22,UKF2,UKF,UK
UKF24,UKF2,UKF,UK
UKF25,UKF2,UKF,UK
UKF30,UKF3,UKF,UK
UKG11,UKG1,UKG,UK
UKG12,UKG1,UKG,UK
UKG13,UKG1,UKG,UK
UKG21,UKG2,UKG,UK
UKG22,UKG2,UKG,UK
UKG23,UKG2,UKG,UK
UKG24,UKG2,UKG,UK
UKG31,UKG3,UKG,UK
UKG32,UKG3,UKG,UK
UKG33,UKG3,UKG,UK
UKG36,UKG3,UKG,UK
UKG37,UKG3,UKG,UK
UKG38,UKG3,UKG,UK
UKG39,UKG3,UKG,UK
UKH11,UKH1,UKH,UK
UKH12,UKH1,UKH,UK
UKH14,UKH1,UKH,UK
UKH15,UKH1,UKH,UK
UKH16,UKH1,UKH,UK
UKH17,UKH1,UKH,UK
UKH21,UKH2,UKH,UK
UKH23,UKH2,UKH,UK
UKH24,UKH2,UKH,UK
UKH25,UKH2,UKH,UK
UKH31,UKH3,UKH,UK
UKH32,UKH3,UKH,UK
UKH34,UKH3,UKH,UK
UKH35,UKH3,UKH,UK
UKH36,UKH3,UKH,UK
UKH37,UKH3,UKH,UK
UKI31,UKI3,UKI,UK
UKI32,UKI3,UKI,UK
UKI33,UKI3,UKI,UK
UKI34,UKI3,UKI,UK
UKI41,UKI4,UKI,UK
UKI42,UKI4,UKI,UK
UKI43,UKI4,UKI,UK
UKI44,UKI4,UKI,UK
UKI45,UKI4,UKI,UK
UKI51,UKI5,UKI,UK
UKI52,UKI5,UKI,UK
UKI53,UKI5,UKI,UK
UKI54,UKI5,UKI,UK
UKI61,UKI6,UKI,UK
UKI62,UKI6,UKI,UK
UKI63,UKI6,UKI,UK
UKI71,UKI7,UKI,UK
UKI72,UKI7,UKI,UK
UKI73,UKI7,UKI,UK
UKI74,UKI7,UKI,UK
UKI75,UKI7,UKI,UK
UKJ11,UKJ1,UKJ,UK
UKJ12,UKJ1,UKJ,UK
UKJ13,UKJ1,UKJ,UK
UKJ14,UKJ1,UKJ,UK
UKJ21,UKJ2,UKJ,UK
UKJ22,UKJ2,UKJ,UK
UKJ25,UKJ2,UKJ,UK
UKJ26,UKJ2,UKJ,UK
UKJ27,UKJ2,UKJ,UK
UKJ28,UKJ2,UKJ,UK
UKJ31,UKJ3,UKJ,UK
UKJ32,UKJ3,UKJ,UK
UKJ34,UKJ3,UKJ,UK
UKJ35,UKJ3,UKJ,UK
UKJ36,UKJ3,UKJ,UK
UKJ37,UKJ3,UKJ,UK
UKJ41,UKJ4,UKJ,UK
UKJ43,UKJ4,UKJ,UK
UKJ44,UKJ4,UKJ,UK
UKJ45,UKJ4,UKJ,UK
UKJ46,UKJ4,UKJ,UK
UKK11,UKK1,UKK,UK
UKK12,UKK1,UKK,UK
UKK13,UKK1,UKK,UK
UKK14,UKK1,UKK,UK
UKK15,UKK1,UKK,UK
UKK21,UKK2,UKK,UK
UKK22,UKK2,UKK,UK
UKK23,UKK2,UKK,UK
UKK30,UKK3,UKK,UK
UKK41,UKK4,UKK,UK
UKK42,UKK4,UKK,UK
UKK43,UKK4,UKK,UK
UKL11,UKL1,UKL,UK
UKL12,UKL1,UKL,UK
UKL13,UKL1,UKL,UK
UKL14,UKL1,UKL,UK
UKL15,UKL1,UKL,UK
UKL16,UKL1,UKL,UK
UKL17,UKL1,UKL,UK
UKL18,UKL1,UKL,UK
UKL21,UKL2,UKL,UK
UKL22,UKL2,UKL,UK
UKL23,UKL2,UKL,UK
UKL24,UKL2,UKL,UK
UKM50,UKM5,UKM,UK
UKM61,UKM6,UKM,UK
UKM62,UKM6,UKM,UK
UKM63,UKM6,UKM,UK
UKM64,UKM6,UKM,UK
UKM65,UKM6,UKM,UK
UKM66,UKM6,UKM,UK
UKM71,UKM7,UKM,UK
UKM72,UKM7,UKM,UK
UKM73,UKM7,UKM,UK
UKM75,UKM7,UKM,UK
UKM76,UKM7,UKM,UK
UKM77,UKM7,UKM,UK
UKM78,UKM7,UKM,UK
UKM81,UKM8,UKM,UK
UKM82,UKM8,UKM,UK
UKM83,UKM8,UKM,UK
UKM84,UKM8,UKM,UK
UKM91,UKM9,UKM,UK
UKM92,UKM9,UKM,UK
UKM93,UKM9,UKM,UK
UKM94,UKM9,UKM,UK
UKM95,UKM9,UKM,UK
UKN06,UKN0,UKN,UK
UKN07,UKN0,UKN,UK
UKN08,UKN0,UKN,UK
UKN09,UKN0,UKN,UK
UKN10,UKN1,UKN,UK
UKN11,UKN1,UKN,UK
UKN12,UKN1,UKN,UK
UKN13,UKN1,UKN,UK
UKN14,UKN1,UKN,UK
UKN15,UKN1,UKN,UK
UKN16,UKN1,UKN,UK
